id,variant_id,score,uncertainty,assay_id,round_id
1,K344H,0.757221921,0.1,default_assay,
2,E549G,-0.229075979,0.1,default_assay,
3,V3C,-0.125076678,0.1,default_assay,
4,A412N,-0.015800312,0.1,default_assay,
5,E522S,0.702483185,0.1,default_assay,
6,L486A,0.319268975,0.1,default_assay,
7,S64F,-0.613830451,0.1,default_assay,
8,R88I,0.412338494,0.1,default_assay,
9,A186D,-0.83212365,0.1,default_assay,
10,V227K,-1.298436669,0.1,default_assay,
11,L352A,-0.510778201,0.1,default_assay,
12,L57N,-1.355987872,0.1,default_assay,
13,F354Q,-0.902075372,0.1,default_assay,
14,C120H,-1.885837288,0.1,default_assay,
15,L222C,0.284009318,0.1,default_assay,
16,D315T,0.187434411,0.1,default_assay,
