mutant,predicted_score
N308Q,-0.27145654
A415Y,-0.051844947
S51W,0.09081596
M350P,-0.27430648
Y71Q,-0.7888566
A109S,-0.4598044
A444K,-0.35614222
E12W,-0.043765146
S152Y,-0.05960971
A414D,-0.30308113
R487S,-0.12977655
M199Y,-0.1697449
I441W,-0.378228
V325D,-0.47028995
Y351K,-0.22256951
L463V,-0.13185821
A55M,-0.39825577
Q240A,-0.32045412
S268T,-0.3005144
V125F,-0.13877836
L411F,-0.09238128
S469C,0.18742485
A412I,0.23629002
M405S,0.12644413
L263Y,-0.24471764
F83R,-0.54376763
F40N,-0.008766417
V460Q,-0.6039971
R438G,0.51946294
D122T,-0.07896658
Y403I,0.0030358285
S548Y,0.040450595
D335Y,0.025890285
F137L,-0.28910527
G476M,-0.23167023
P480V,0.20119628
W279V,-0.10156143
E91K,-0.0230057
A492W,-0.30439985
S188V,-0.32189134
L319E,-0.5241359
A406W,-0.14377974
V3S,-0.3639889
F172M,-0.37279907
E283N,-0.15099797
R232P,-0.31304678
F31A,-0.07291977
G464T,-0.14205039
A186D,-0.55488074
D356K,-0.45557767
G164F,-0.08670908
L26S,-0.23000288
F390P,-0.17267133
P313E,-0.4146017
L154R,-0.19433698
K307C,0.47540483
V460K,-0.5885465
S100A,0.05569923
G464S,-0.103148505
V134G,-0.4095722
I34A,-0.1390796
L206T,-0.2795596
L69R,-0.57849014
Y198F,-0.35576227
W94N,-0.1771276
R286M,-0.03021127
W262G,-0.3561659
V187M,-0.15863669
I223S,-0.30437505
C435D,-0.35785335
V227S,-0.5785833
L288A,-0.12743708
S371K,-0.30382964
L179H,-0.40468222
Y255G,-0.23679098
A492S,-0.45136
A66V,-0.4710369
G475K,-0.4278493
S381N,-0.19054823
R485K,-0.41051078
E528H,-0.066694245
D46T,0.14445749
S357H,0.0102208955
I433K,-0.6956706
V508G,-0.39367238
I364K,0.05047345
Y360D,-0.11918698
I23T,-0.23281462
G362M,-0.092823766
Y90K,-0.65242016
E488K,-0.14138007
N215R,-0.09729619
L329M,-0.5556887
A218Y,0.26716608
L336W,-0.1854701
A109Q,-0.71084154
L379F,-0.31421906
Y375A,0.10306136
C120V,-1.6148946
V184P,-0.33533245
G77K,-0.4510714
N452E,-0.07226567
R461Y,-0.26534027
L108K,-0.5210698
A186Q,-0.6299698
H366L,0.21429911
V54K,-0.89065135
L512C,-0.06545963
L76P,-0.4989504
R345W,-0.058647703
S284I,-0.3097
T509G,-0.12640503
G517T,-0.13803466
V451A,0.14062165
G464H,-0.0224615
K307G,0.05808429
I541F,-0.30314073
V508Q,-0.5580374
L352M,-0.515262
L289P,-0.16340944
M405V,0.15121953
A109V,-0.1911608
A169G,-0.32307228
I34M,-0.30079308
L410R,-0.2204464
F484H,-0.4039959
S423F,-0.27478546
T346M,-0.13550654
R232N,-0.21314529
M318P,-0.207484
G246L,-0.3896808
F498T,-0.7160566
A382S,-0.26360613
V211N,-0.012835083
T244H,-0.24634047
L393H,0.18707564
Q59D,-0.21186697
V36P,-0.52340287
V245R,-0.29531306
F31H,-0.24302778
L191N,-0.34443277
S470M,-0.14863989
T509Y,0.03204405
L84S,-0.29657924
L497V,-0.23289582
T110Y,-0.06034243
E522Y,-0.34187955
R60A,-0.099713504
A29Y,0.064727314
I422M,-0.34301215
V235G,-0.06218685
V483R,-0.3228689
L450V,0.05448637
F243D,0.10199282
Q264R,-0.28548977
W490P,-0.40458208
A453E,-0.50181973
E67C,0.121012904
L250W,-0.4956419
V36G,-0.47537607
P116A,-0.069256455
R232V,-0.36301416
S212I,0.19668432
P52N,-0.09202091
K175R,-0.15514562
A256H,-0.19290999
Y220C,0.118934214
A29D,-0.3115513
Y403F,-0.3103064
M434Y,-0.42392176
L222N,-0.31916445
A297P,-0.29148343
L503M,-0.2336268
A29L,-0.21397355
N462E,0.34163794
I223T,-0.36723828
R174I,-0.25359994
V3E,-0.21536477
A142D,-0.57033503
A29C,-0.12007067
L411N,-0.20387349
L520S,-0.4828821
Q491D,0.075432196
T110D,-0.21035571
A29Q,-0.41881758
G476N,-0.1536905
W216K,-0.31579676
P340V,0.088958435
C35V,-0.040664725
H366W,0.1686532
L222F,0.1108639
V92H,-0.1622963
V190N,-0.41058236
A506H,-0.48169103
M407S,-0.17277327
V248F,-0.35548294
I441D,-0.100535944
L497Q,-0.2165523
G400F,-0.075400256
N373M,0.1130877
C49F,-0.41247267
L520I,-0.23514768
S100N,-0.31201428
V165C,-0.4238631
D397P,0.06596583
S357K,-0.1611635
R89W,0.441575
G476F,0.14230911
A82P,-0.2763899
L329R,-0.57021224
V102S,-0.51192987
V10N,-0.19402245
L115D,-0.2968118
A55K,-0.66147596
Q151S,0.010738301
S152C,-0.050596923
K307F,0.66500175
C87L,-0.51565707
V436H,-0.4126703
I364G,0.0650115
Y375F,-0.34502453
S132V,-0.10374008
Q86C,-0.29374546
F459I,-0.06812553
G214I,0.54209095
G476L,-0.031509835
L26K,-0.21363287
A256R,-0.11875443
G62K,-0.597597
L495G,-0.12505028
A314R,-0.43541795
M466T,0.06065613
S290R,-0.121008135
L7D,0.10249214
E385R,0.26678616
L22F,-0.22863345
T395R,-0.30287045
A193H,-0.22758189
F378H,-0.2417877
Y360A,0.21420196
F168A,-0.32079375
L154P,-0.42136988
G14L,-0.48722363
L471K,-0.17026618
M405T,0.16934988
L463A,-0.08737865
M367A,0.039359678
L257D,-0.39542866
I402N,-0.4395625
A392M,-0.6562835
F40R,-0.112693414
W428H,-0.27659407
L191D,-0.3808569
D473Q,0.18701899
L163Q,-0.21139732
Q121S,0.042414527
G252C,-0.154235
C61A,-1.466485
D170K,-0.28368837
P129W,0.033475164
S470F,0.12696521
L319D,-0.4019436
T221H,-0.1248806
P74E,-0.62255657
S332R,-0.16865179
A30H,-0.3371911
E454F,-0.48385352
A186P,-0.57773507
E12I,-0.20543055
H259M,-0.23778236
L342I,-0.33144552
A505E,-0.5144408
Y220G,-0.2643455
Q59C,-0.4242429
L276E,-0.5371932
I441Q,-0.23900338
G214D,-0.12814216
Y360Q,-0.047690302
D148C,0.080048874
D122L,-0.029383088
V483H,-0.2159737
G413M,0.068152845
K317V,0.5518282
L210K,-0.55779517
F498S,-0.51300067
K537D,-0.04207718
G42S,-0.1262844
T72V,0.013891557
P104L,-0.15164237
Y277L,-0.22885184
A109N,-0.41947618
A444R,-0.32508153
V281H,-0.2526818
Q121E,-0.1533633
L163W,-0.22696893
T72M,-0.2859015
A527P,-0.7023131
E296K,-0.21887839
E323W,-0.09842545
L429A,-0.3179237
L276G,-0.43905392
D122S,-0.20332828
Q240Y,-0.15696566
L57H,-0.53239566
P331W,-0.072791114
S408W,-0.1981961
S188D,-0.38752374
G62M,-0.5594367
C35I,-0.15638836
D5R,-0.21476007
P74Q,-0.7236249
I304G,-0.5660388
A519G,-0.27899703
L316V,-0.28419757
S13W,-0.46003422
R293M,-0.087307684
W353R,-0.3493651
A392R,-0.33834398
W428A,-0.29793796
Y456R,-0.3175138
G388E,-0.30739057
L253T,-0.010955008
L210Y,-0.3875198
L147E,-0.65771294
V518Q,-0.7961365
W287I,-0.59480613
L504F,-0.032929968
V3H,-0.08702224
I34T,-0.2486062
Q19W,-0.046358027
Q446H,0.2733284
G502E,-0.24192913
G53E,-0.473876
I474P,-0.11608932
G246F,-0.51921105
A297M,-0.05165895
R261N,-0.15258208
Q546C,0.13082075
G246V,-0.20709328
A29T,-0.3659336
M407N,-0.21037896
L530S,-0.4527409
G252L,-0.09850071
L203A,-0.20359313
A382F,0.026884418
P424R,-0.87545836
L7F,-0.29675573
G507R,-0.41842455
P119F,-0.03363775
A106S,-0.43807918
G362V,0.009708455
V140H,-0.41167045
T181V,-0.26326296
G372S,-0.22085795
E522K,-0.13042685
F160P,-0.33404562
T234Y,-0.3654359
L275I,-0.27212432
F160W,-0.19935405
W490N,-0.4464701
C120N,-1.325927
T44V,0.08556155
E522W,-0.44108057
S408I,-0.025632743
S131M,-0.115363404
A82Q,-0.53623646
R60I,-0.220476
E322F,0.23647213
G502H,-0.28043276
A406K,-0.15401495
A169V,-0.114172146
F421K,-0.253555
G166M,-0.17824826
G464W,-0.3550632
I34C,-0.17064743
V227F,-0.79864657
V140M,-0.2842488
D425H,0.14641793
G173P,-0.26341632
Q86M,0.15503667
M405N,-0.1081633
L450R,0.007897076
V325A,-0.34244356
L222E,-0.22090814
Y403W,-0.26020104
V281F,-0.34464577
L359N,-0.23624842
F333C,-0.4290986
G362R,-0.42825595
E136V,0.040203623
R233G,-0.068409756
L383N,-0.24098682
V281Q,-0.28342548
T339V,0.011232185
M447H,-0.2079759
L273E,-0.25690937
L520K,-0.43736854
D473K,-0.069648296
M439T,0.022847781
D425C,-0.05292251
G14P,-0.35594764
V102D,-0.30315226
E322H,-0.032165937
S144D,-0.4138352
A32M,-0.15535358
W145I,-0.022483211
V39P,-0.35863087
G80H,-0.20528033
V489Y,-0.030438486
E538C,0.096943796
E296H,0.03884973
D4Y,0.026596
K537Q,-0.36031485
S28T,-0.20561013
G502M,-0.11914115
A169Q,-0.4462491
T271K,-0.30978245
E91R,0.14525877
G14Y,-0.18990639
F274A,-0.18312198
L57I,-0.35033587
L147D,-0.42766467
Y126G,-0.38823992
L495F,-0.40222937
S229R,-0.21272449
T346N,-0.38922253
T479E,-0.33011076
E385T,0.818068
G130C,-0.043725263
E322K,-0.31601405
R205M,-0.25077087
R232K,-0.31496364
V190H,-0.40850765
G80N,-0.25905773
T442W,-0.15938497
C35G,-0.2039005
A534E,-0.57339835
S195T,-0.09387469
R205P,-0.38716647
L191C,-0.2276198
E323L,0.20429793
R532N,-0.050526597
P33D,0.043816477
A334Y,-0.12781827
G246N,-0.3022269
I300F,-0.056045093
W262S,-0.48033
I23G,-0.44307414
M439L,-0.24499655
A186R,-0.516498
T523R,-0.5207855
V418C,-0.41195822
I300H,-0.16544479
T224R,-0.106513515
V211M,-0.34113005
K344P,0.11465995
S332M,-0.14536454
F194E,-0.24606352
G180L,-0.21275692
G440W,0.13561773
S284Q,-0.354559
L493D,-0.23160222
E56N,-0.3981233
T234D,-0.08986787
I445Q,-0.5058384
F484E,-0.26216832
L26R,-0.13316277
D397I,0.2759391
S381L,0.7709738
S357L,-0.25937897
L450M,-0.21420522
N138A,-0.056957353
S229L,-0.012054801
K18Q,0.009489203
D302Q,-0.26526156
F194W,0.07580845
S268G,-0.20211267
V54I,-0.13704883
I448Q,-0.11018419
F333Q,-0.65509266
T128P,-0.24270646
Y403K,0.08583366
I133Q,-0.5432493
L450D,-0.15532719
L417H,-0.31137985
H47G,-0.38865703
N111P,0.042360537
S97R,-0.16609892
G502K,-0.3240888
Q9F,0.11974279
P74A,-0.18040809
C61I,-1.0470533
L511P,-0.29636893
K292P,0.05918193
F481M,-0.37019116
Y126R,-0.5511485
L383A,-0.16035955
P45N,-0.15051289
R89E,-0.16507694
L27S,-0.3681004
E322M,0.02989475
I496W,-0.21500015
F390C,-0.3444933
Q19L,0.21459846
T110P,-0.35697997
P331V,0.15176158
I298W,-0.32102412
A314C,-0.29997328
L383G,-0.20410936
I441T,-0.22535083
I133R,-0.45243865
F274L,-0.21909654
S200E,-0.38555363
A186I,0.012078348
V10K,-0.29277906
L247K,-0.35118452
F459N,-0.38768572
A505P,-0.2513762
K292S,0.03213691
V418A,-0.2525637
L376E,-0.2315422
N452S,0.16395393
A66R,-0.6163156
V281Y,-0.19030726
P104D,-0.23495468
V190Y,-0.4037091
S64P,-0.33850107
V184D,-0.48226744
L411Y,-0.15788113
I133W,-0.4166782
A414P,-0.053962044
V418E,-0.5915681
R232F,-0.42149568
F83T,-0.29628512
E136M,0.05156968
Q240K,-0.57745725
F421S,0.0032074437
V267D,-0.21848321
V436W,-0.33094174
K310W,0.54537874
E8R,-0.14020959
F83K,-0.6313184
A254Y,-0.058449674
L269C,-0.29930913
L163P,-0.29725382
G209Y,-0.15082875
K310E,0.10000448
A492V,-0.33405313
A305P,-0.4752497
L206S,-0.37222198
C449W,-0.27139038
L41A,-0.109395884
A256W,0.013878891
Y239F,-0.2515583
K292A,0.20399053
I34L,-0.19589391
F160Y,-0.1503579
N529G,-0.3119177
R261Q,-0.35988075
G230I,-0.16371287
I298T,-0.3161494
I443P,0.14529552
G85W,-0.1839164
T458F,0.08378782
A314K,-0.6033478
T181M,-0.45195705
E225N,-0.22278936
L210C,-0.38217205
V3Q,-0.47509837
R485H,0.24863355
K18D,-0.09839976
H259V,-0.20725818
G475A,-0.29262298
G214P,0.31237552
Y71C,-0.33527473
I443E,-0.35869402
I402A,-0.5774043
L7G,-0.12911479
A169C,-0.31984264
I38E,-0.40040317
N185R,-0.12413023
L503S,-0.24021402
I34W,0.07993184
L511M,-0.34034845
E488W,0.10373495
G507A,-0.2355558
R205S,-0.25240198
S423T,-0.31508714
P270W,-0.39946866
G11W,-0.4218945
A106F,-0.3549933
L512D,-0.19150643
I223Q,-0.5203137
A297I,-0.025642153
D143C,-0.24325499
S284R,-0.32250857
W279Q,-0.436407
D143M,-0.10572736
E528I,0.28786838
V165K,-0.50724524
T72F,-0.043973826
L497W,-0.19095972
V92W,-0.048221126
A20F,-0.265975
L486K,-0.2772938
L117M,-0.37778836
L495W,-0.39822787
P78C,0.14015715
S188F,-0.32794276
L503V,-0.24508242
E67R,-0.06764673
R532V,-0.024612924
R60V,-0.15432683
V325M,-0.47148734
L393G,0.46837598
L139W,-0.20691946
V92E,-0.5643105
A534N,-0.38179874
P340Y,-0.15611069
F484V,-0.13535123
G309S,-0.16755855
A305L,-0.044741064
V235C,-0.18050274
P513H,-0.18604556
T509N,-0.3375028
P285H,-0.33891225
I441K,-0.33124784
E522M,-0.28718466
P65D,-0.12022667
F21M,-0.26632518
M407K,-0.29814312
I477M,-0.27677393
L147K,-0.9709139
E296G,-0.11284139
P340M,-0.25632232
M405F,-0.27654308
S132M,-0.13616142
D315A,-0.03451366
G372N,-0.0571314
F337T,-0.14406204
F421L,-0.09894557
L497D,-0.19115938
V165H,-0.39512438
P258V,-0.18738416
L69G,-0.6365608
Q19M,0.061075933
L329H,-0.29336765
F272S,-0.17442164
H47A,-0.14319399
F83D,-0.58096683
I402M,-0.53943914
G14W,-0.23724619
M434A,-0.45722285
Q151R,-0.09319013
G14S,-0.26717052
L163H,-0.24249208
D4K,-0.23828498
L191G,-0.22580929
N70H,-0.0273089
D122G,-0.2356091
Q491L,-0.16216977
R88F,0.081672974
T295C,-0.3408653
E283I,-0.29124185
N155D,-0.07350522
G37Y,-0.04228659
I133F,-0.36253092
A20Q,-0.5548546
L276N,-0.59515506
Y239V,0.13448799
Y375L,0.03561338
L57N,-0.6999043
A506N,-0.34181395
L206N,-0.5366603
G189S,-0.1942356
I443S,-0.35058457
F378Q,-0.50946105
Y220V,0.19298598
T458A,-0.28253984
I298C,-0.29664803
E323K,-0.26670226
Q361R,0.22065024
W260D,-0.19166285
K310Y,0.51221687
G161E,-0.39579636
T271N,-0.47213563
N215W,0.035460867
L84K,-0.4041907
W63D,-0.9046031
M466V,-0.042011637
K307A,0.32312304
C49R,-0.23861377
G77F,-0.111556746
S284H,-0.20674579
K328W,0.0014401764
F354Y,-0.36628616
L269S,-0.3501652
S107L,-0.002421686
L383R,-0.25183398
A106C,-0.28151855
A79D,-0.32846805
A414Q,-0.41498128
A30L,-0.21192019
F21K,-0.3951742
H303G,-0.40399465
G400H,-0.2543765
R88W,0.020296674
A389E,-0.2316289
N197Y,-0.027042214
K525F,-0.14884311
I431R,-0.18593508
F43C,-0.29521182
L486V,-0.068409085
D127T,0.086949185
A193W,0.103982866
I300D,-0.34256667
D302Y,0.39558488
L329S,-0.6199583
P116K,-0.291894
L379A,-0.10548265
P104Y,0.067873515
G180E,-0.412704
M201T,-0.10062351
M318I,-0.26415244
C25V,-0.08919592
L105T,-0.26908195
L510E,-0.26496124
D377M,0.32854244
K533E,-0.023236359
A453G,-0.23739786
D93Q,-0.15760687
E385P,0.3680715
C49I,-0.5461298
H366K,-0.57029474
C449R,-0.32093692
N138K,-0.15935597
I237H,-0.12446306
F390V,-0.31589884
Y239T,-0.0026340007
L349H,-0.16688916
T221V,-0.26048082
I133V,-0.34548157
R174E,-0.37030196
E56Y,0.048384957
E323M,-0.013079802
I422T,-0.35305673
Y239A,0.11470727
W428S,-0.36263472
S231W,-0.10458088
A266C,-0.090951145
V436F,-0.29267007
Q121W,0.041719332
R112D,-0.010076016
F459E,-0.4998576
M238N,0.11664438
L349C,-0.10058482
E56H,-0.0025145828
W262P,-0.2914094
L336E,-0.20699868
G309I,-0.2287387
A29R,-0.2897026
P33M,0.21535489
H259Y,-0.31457296
T458K,-0.35026273
G214N,0.023065625
C280W,-0.5385268
L203N,-0.3232863
V39F,-0.13196826
T326M,-0.43339
T395Q,-0.44581705
Q240G,-0.48950702
I300M,-0.28851938
A186L,-0.26117054
F150R,-0.4471391
T135C,-0.23540866
I477R,-0.045631565
T442G,-0.4616374
M447L,0.005881056
V182I,-0.29446977
M318C,-0.23157954
V140E,-0.54955006
L530V,-0.148845
I443T,-0.23785198
L275C,-0.34195966
N529C,-0.0864751
S469P,-0.09688972
S162M,-0.008665124
L275D,-0.43859434
S330I,0.037627492
G123E,-0.7447592
P340G,-0.07469559
E81F,0.21840611
T221G,-0.43770814
I496S,-0.5260415
M301W,-0.13171634
L352C,-0.6237229
E68Q,0.09493835
A106L,-0.3833943
Y375N,-0.19124939
I477Q,0.0042902557
T44G,-0.20996673
F272M,-0.09879421
T515P,-0.38899893
A415W,-0.24740879
N462H,0.04210944
T346Y,-0.10142933
T339Y,-0.047110386
T515R,-0.2999739
S330E,-0.115177915
K146A,0.3939884
R232Y,-0.271604
Y380N,-0.037222724
V500D,-0.34504992
Q240T,-0.34009916
M201F,-0.05852576
S357Y,0.022909412
Y126K,-0.56115866
S97P,-0.11349293
F459S,-0.5327344
F40L,0.007130012
P129K,-0.41478005
S188L,-0.43787417
G11H,-0.3543019
L250S,0.18131201
N308L,-0.019819552
R487W,-0.13019197
L497P,-0.2682312
A79C,-0.21540585
V384C,-0.4192694
R233Q,-0.43127036
P387Y,0.07614787
P404C,0.3802286
A109W,-0.0716545
W15M,-0.55838776
G246C,-0.37755236
C472M,-0.071580835
R233K,-0.5246579
V36M,-0.35915554
R171M,-0.07394289
E283W,-0.3160028
P104Q,-0.36268932
Y167L,-0.2656056
S51C,-0.082857415
A444L,-0.27916697
F168V,-0.39738625
K299L,-0.045021985
M201D,0.07286489
S97C,-0.0480435
G531K,-0.2740267
C87M,-0.59285337
G502C,-0.15351142
L376N,-0.014229918
L455R,-0.13059647
L117Q,-0.59932077
A249E,-0.46849465
L417T,-0.004679625
L501G,-0.31216827
S188T,-0.35304865
D473E,-0.031448506
F150K,-0.49102888
I474V,-0.36201355
P78A,-0.012584117
L147P,-0.8013989
A499P,-0.6385845
A142M,-0.55299616
R233H,-0.0554911
V54Q,-0.80530834
P312Q,-0.24304469
F243Y,-0.2543339
P270M,-0.270942
D122I,-0.06781711
G476T,-0.3216055
A20W,-0.44846064
D5T,-0.030931752
S408P,-0.17536749
F337G,-0.2957944
K317H,0.096806146
F333Y,-0.32668033
L99W,0.051416826
P387E,-0.093512714
L179W,-0.29942432
S97T,-0.25391495
W490E,-0.46923834
G531I,-0.0956336
I420T,-0.35090056
A414E,-0.35727915
F226P,-0.13471584
V227W,-0.6413436
H47I,-0.12348165
A55V,-0.18867014
Y126S,-0.41311923
S195Q,-0.30375344
V134H,-0.3879506
D377A,0.20677717
Y456K,-0.3551877
M301R,-0.26269728
P313H,-0.19692208
F194K,-0.3266539
M301T,-0.21176878
L27F,-0.2411457
Y456L,0.17422974
T44W,0.13579533
I402W,-0.60773623
A82V,-0.17661664
G464E,-0.18483977
G502I,0.005646476
S212H,0.018806033
L250C,0.105990395
S131Y,-0.0675046
L250F,-0.6403406
M241N,-0.1337919
V281E,-0.1989187
V187Q,-0.44876045
G368M,0.7614255
V140S,-0.457621
I478L,-0.34364897
S371I,0.0464377
M217P,-0.05698955
G11K,-0.24224813
T110C,-0.30178183
I23Y,-0.28972024
T346W,-0.16263719
A444W,-0.45532137
A406F,-0.1555862
M301A,0.029794049
G14Q,-0.3960973
Y255T,-0.2412159
A305R,-0.1318948
T110V,-0.15362994
H427A,-0.079140276
S470V,0.09696823
L250G,0.09289215
L149Y,-0.049336176
N462S,0.16256455
I396P,-0.33653897
K533G,-0.15559237
V10R,-0.14664705
N155C,0.20755796
A109G,-0.46608248
Q291E,-0.06357585
W260T,-0.3383309
L163G,-0.3172896
I396T,-0.41235867
G476Y,0.20913848
W490R,-0.45069653
A32E,-0.34163046
L379Q,-0.33317137
I445S,-0.26624742
R261A,-0.16117771
G219L,0.038360085
A82I,-0.20070776
V418I,-0.2864074
I422W,-0.23159671
Y71D,-0.4439621
L276D,-0.5254825
C61F,-0.78332233
F172W,-0.10314945
D148N,-0.15913169
H427P,-0.18758035
L147I,-0.3143775
S408G,-0.2452044
Y90P,-0.44795996
E522S,-0.07812254
T244L,-0.2264534
N138E,-0.18164945
D46I,0.026101312
L349D,-0.26627916
S131F,-0.12977538
G173F,-0.3813448
I237L,-0.25020957
M238G,0.31186727
V465K,-0.4410848
N373A,0.14975584
W490C,-0.098897934
E454H,-0.2504284
M241R,-0.23128763
R293I,-0.14153492
V281D,-0.16892125
N430E,-0.27391568
E327F,0.14746794
D143P,-0.3332022
D143G,-0.30693698
S64N,-0.51954764
G42E,-0.24866018
T509R,-0.23290095
F137Q,-0.44047642
K533F,0.28319582
E81C,0.011612624
S469V,0.2712037
V399C,-0.01680316
I394C,-0.13960508
G14D,-0.21564889
A79Y,-0.09682717
S470E,-0.30901545
I304C,-0.64712894
F158S,-0.3275345
G166K,-0.2132574
P457D,-0.19611508
G517M,-0.16278121
F274W,-0.18879223
Q9N,-0.09489982
E454G,-0.09092133
M318D,-0.51345026
Y403S,0.052182138
S357A,-0.19124833
T523I,-0.31777772
T509I,-0.4059856
G214W,-0.19293115
L410G,-0.15950912
A297E,-0.4588759
F43G,-0.37345695
Q291F,0.10473013
K307T,0.229281
R232C,-0.29902345
K535F,-0.009854622
R438T,0.895878
S188H,-0.30359548
C49P,-0.35129914
E67A,0.30170986
M405H,-0.22804277
A415R,-0.23608565
A297K,-0.41055283
F204G,-0.34585756
D103C,-0.16397172
E8P,-0.05847832
L336S,-0.1764116
A266E,-0.5402358
L257P,-0.2414628
L253G,-0.1320899
R293D,-0.2483733
T355W,-0.4570399
F150T,-0.27543575
C35P,-0.35495228
A256I,-0.032764025
I422Y,-0.18498793
S107I,-0.07795171
A142Q,-0.7035383
T128F,0.05325348
C141R,-0.24008329
G413H,-0.005509224
V36W,-0.16411658
L321R,-0.42856675
V73H,-0.32537216
P104M,-0.13768232
G219H,0.16763182
A256E,-0.2227432
S200A,-0.3231026
V73F,-0.25895467
L257R,-0.36774868
V140Q,-0.48328963
C35W,-0.34057632
I482A,0.021765012
V140C,-0.28653526
L108R,-0.48093224
T509F,-0.09923892
P387S,0.33756554
T221Y,0.05309216
P404W,0.013049628
Y277F,-0.20874393
A382P,-0.45662755
P285M,-0.31910688
D324G,-0.40052062
T181W,-0.1586343
C87G,-0.8575201
P78T,-0.046654977
P404E,-0.19141988
L206W,-0.16825083
A389I,-0.29360303
G246A,-0.25437537
E56L,0.06456177
C87Y,-0.59432024
I34N,-0.18250033
A314V,-0.11110123
A334Q,-0.51799214
L352H,-0.46239567
H366G,-0.1612084
V465W,0.11653359
E56A,0.124932565
P45Q,-0.4302423
D170A,-0.15920368
T326D,-0.29077277
A266M,-0.12826082
E91N,0.14310728
V36L,-0.43342838
W260H,-0.15802512
L426D,-0.19489248
F43R,-0.41586423
N373P,0.07757056
G130Q,-0.36901778
L99A,-0.06397958
I420N,-0.55171174
I298H,-0.3355217
P45D,-0.25453037
S320Q,-0.44148174
P387I,0.4329056
L321M,-0.44448033
P424N,-0.29242733
G62C,-1.1035014
D526Q,-0.19402713
A412D,-0.2432282
S408N,-0.28282505
P285R,-0.42003113
L379K,-0.32984295
C25H,-0.31444496
G475M,-0.06379501
N155R,-0.21826966
G123I,-0.769262
I478C,-0.029435238
A392C,-0.50899947
L471F,-0.18294454
E322Y,0.20121095
Y198T,-0.2013998
P45I,0.45974678
L455T,0.13650121
L426M,-0.2839342
L512A,-0.0670781
V54M,-0.37882948
I474G,-0.60726666
L501S,-0.47331706
I364F,-0.17599443
V483G,-0.2328083
V165Y,-0.2829198
S195M,-0.12454499
N185P,-0.09696525
G230C,-0.33647463
H48L,0.019201748
D93I,0.30505246
P513I,0.025193047
R485Y,0.31756726
K525Y,-0.06329389
G413I,0.3008653
I34S,-0.24372172
Q208H,0.06846553
S290H,0.07183792
L26Y,-0.20298481
Q9W,0.01267474
S97H,-0.090150595
L336A,-0.037954308
L41Q,-0.28407973
L149E,-0.27065414
K310H,0.22448651
C449P,-0.72328347
A527Q,-0.64354336
F172T,-0.25377795
L69E,-0.8355271
I432C,-0.6061179
L203C,-0.23212016
C177P,-0.42992467
W216N,-0.04527177
I441P,-0.28457838
V508T,-0.2639488
K175I,0.037417136
A453I,-0.15771803
L247E,-0.42805338
A382G,-0.36466628
M447I,-0.39157987
L108N,-0.41855997
D425T,0.18339376
A106N,-0.37162787
G11M,-0.43879718
Y278G,-0.24814048
K317N,0.08378377
Q306H,0.049680866
A169W,-0.4518853
G246E,-0.24319935
G37E,-0.39663523
R341K,-0.34709415
L319A,-0.22877021
L288I,-0.18575883
S162Q,-0.17218944
A297L,0.15913768
S290K,-0.19620118
L276V,-0.1955162
K18I,0.26856413
L76E,-0.6238569
G42V,0.07863366
Q151D,-0.13527673
L210H,-0.5388111
R205L,-0.2699629
K344S,0.09610167
G219F,0.09232394
H48G,-0.4253498
Y198H,-0.2007775
Q240I,-0.07397201
R171H,-0.026978722
Q17E,0.005829543
T224S,-0.017245725
N308P,-0.16848926
V73A,-0.14255077
G362A,0.009668971
G209M,-0.4369774
S58H,-0.24693458
F272G,-0.21672983
G400I,-0.26697573
E12S,-0.17121579
R461L,-0.019414907
H303P,-0.48215327
F31E,-0.2902669
R487Y,0.17823091
N70Q,-0.23905554
C101V,-0.74860525
V235P,-0.12388556
V451E,0.20904522
T458H,-0.13997339
M318A,-0.2754764
G230W,-0.27860084
H114C,-0.49137616
G440I,0.10995583
W260P,-0.21153907
G180D,-0.295431
K525P,-0.35646042
L179E,-0.4944512
I478F,-0.04223702
E67M,0.06372873
Y403Q,-0.113914326
Y351S,-0.2777393
K537A,-0.08220275
R112W,0.23865406
D377W,0.28698844
A527G,-0.6696698
V54L,-0.24046567
I474Q,-0.19891159
S162F,-0.10245298
G180N,-0.29139456
P33I,0.26399654
M350H,-0.22715528
L108W,-0.0607272
I474S,-0.39106315
G53M,-0.14434175
I496F,-0.3106061
T251K,-0.5054737
T355R,-0.24513522
K537I,0.26411694
P129Y,0.1593391
H303W,0.0063204616
S200C,-0.26081818
S330N,-0.41933838
S64F,-0.5961504
I23N,-0.3366818
L329G,-0.70780146
L115F,-0.22866015
S144N,-0.22472009
V73D,-0.3699123
F243Q,0.013236794
Y71P,-0.78819835
W94P,-0.19845459
A453T,-0.35597342
I348N,-0.36271897
P387T,0.36943308
A32S,-0.40369326
S131K,-0.54801905
F272Q,-0.25888285
T355H,-0.31157988
T181Q,-0.47813988
A186C,-0.34200215
E12C,-0.11401743
N462C,0.16013114
P285A,-0.47084612
L27E,-0.28228682
L316G,-0.20975836
I443H,-0.035049178
D526W,-0.4621089
M201R,0.12796545
I482V,-0.25859225
G123K,-0.7692269
V384L,-0.25527057
G507M,-0.28040072
V358R,-0.5047763
L411K,-0.3512721
N308E,-0.2533216
L288D,-0.42731017
L429E,-0.41561657
I223L,-0.36549726
G517L,-0.017508361
M350S,-0.42035198
L493V,-0.24463741
I348D,-0.06927125
T128N,-0.249015
R60E,-0.5818097
L41W,-0.032584276
Q86Y,0.21528964
G362P,0.21706891
G219S,-0.116237246
A109C,-0.3715681
N185Q,-0.09889446
L383Y,-0.19324341
S188A,-0.23937264
R338D,-0.012846326
T395Y,-0.19600227
S229K,-0.30461267
D315K,-0.15344116
T326I,-0.08657093
A98K,-0.5698964
L352W,-0.47555977
I396W,-0.2523525
V187F,-0.13262263
L336D,-0.23447934
G77C,0.1103784
Y542R,-0.5044675
I298V,-0.3331165
D122C,-0.41378212
M238L,-0.42895252
I133T,-0.38135785
S113V,0.021586457
N430R,-0.37982923
F31Y,-0.38881478
H47M,-0.10881205
T234G,-0.16432062
M301K,-0.2936662
T479W,-0.3093478
T128H,-0.18776323
P65I,0.17062266
A492R,-0.39111668
P513V,0.09691565
L210W,-0.36399585
S229D,-0.04611785
T509K,-0.38534537
V358P,-0.36848965
C468Y,0.5346282
Y198R,-0.09280131
L374C,-0.14966395
I34F,-0.0306939
L273G,-0.13124824
A55W,-0.2336771
A249S,-0.5549853
G62Y,-0.72174495
A492Y,-0.3424626
H303T,-0.2947324
F347Y,-0.2063653
L24M,-0.28952026
R345D,-0.37260866
M447S,-0.49659413
S113A,-0.20313227
K307P,0.16892974
D356G,-0.38578406
S162H,-0.29074287
I364R,0.124976516
A30Q,-0.47084016
E283V,-0.29704517
S408E,-0.5260668
I541A,-0.43975106
S131V,0.11830185
A254Q,-0.30540943
G230P,-0.40666413
F498V,-0.65665543
L495Y,-0.58710563
V436R,-0.32353243
N155G,0.046498686
L202D,-0.3258478
M405E,-0.24493997
E322V,0.31077442
T442D,0.043339413
C449M,-0.36845344
P387Q,-0.27117598
S58R,-0.307439
M466E,0.298726
T339L,-0.025328923
C87A,-0.7867587
Q19G,0.016985867
R174G,-0.12440636
E488I,0.38589633
V267L,-0.1600928
L206I,-0.22044703
E528Y,0.07157108
G11V,-0.3400403
V235M,-0.23724592
L359H,-0.25417027
V451S,0.25291634
K292N,0.015607749
R174M,-0.27286345
P513F,-0.0056457845
V92D,-0.29718423
V73L,-0.20826383
T244A,-0.33826897
A249M,-0.56344575
L426V,-0.16300444
S332C,-0.18742126
T271H,-0.5945947
C468I,0.23284674
I6F,-0.2572972
G502W,-0.31187806
S100Q,-0.39634627
S13C,-0.2167447
M217K,-0.31577787
C177M,-0.35608172
L191Y,-0.3878288
P129A,-0.013363181
M192N,-0.5082989
L202R,-0.074466504
N215I,-0.07374475
M238P,0.24550004
F137D,-0.35044682
N308I,-0.046864606
L319M,-0.3850755
R438A,0.95966864
P129R,-0.30102363
L342S,-0.3647176
Q96F,0.23477581
C120Q,-1.3949833
M367G,-0.04670133
Y198G,-0.1275162
Y220E,-0.10503832
L374M,-0.27574897
H427V,-0.21098681
L99V,-0.17400917
L410Q,-0.2935228
N294Y,-0.06906849
R338T,0.23504391
N197P,-0.2077678
E514S,-0.04026853
A66E,-1.026387
P119H,-0.14129433
A30I,-0.27670962
V184C,-0.2829196
G440R,-0.08492614
S371A,-0.30161262
Q306C,-0.036982544
L503K,-0.3453647
V325C,-0.44120783
Y278F,-0.25908223
R401A,0.19061032
D526G,-0.304388
T72C,-0.025902564
R343W,-0.051296156
F21V,-0.26843557
M350Y,-0.12881193
G166R,-0.06363139
T370Q,-0.275116
V281W,-0.29838926
A66Y,-0.37759238
P65G,-0.32094058
P313G,-0.23988871
V182A,-0.22068569
Q19N,-0.07604863
D170H,-0.21083155
K535P,-0.1478303
W94D,-0.020082569
K213M,0.335154
L22I,-0.08954463
P129T,-0.028550725
R286K,-0.09340094
F378S,-0.18696286
A527T,-0.36659744
A406V,-0.11554923
P1Q,-0.672058
R89K,-0.36766964
P129C,0.0076722624
L147H,-0.44892502
L379D,-0.34074384
N111G,-0.059168626
R88I,0.17648247
Q151F,0.1648011
L288S,-0.3452678
S195F,-0.11792551
K533L,0.34940702
M367N,0.092627086
A534C,-0.09957268
P313D,-0.105800964
V384Y,-0.15423936
L273S,-0.23765251
L257G,-0.5680215
D425G,-0.14912358
G173R,-0.4084913
A534D,-0.38023454
G475P,0.009723616
D302N,-0.24409553
G189D,-0.36014602
V483A,-0.18359992
L393F,-0.02956812
A534I,0.010593578
P313V,-0.10151298
T251Y,-0.329349
I422F,-0.30577645
I433M,-0.5234731
V134Q,-0.56853545
Y71E,-0.58084095
K328I,0.018620202
N111L,0.2392318
A249G,-0.20823209
G437C,-0.17945501
Q240C,-0.509267
C435Y,-0.019163987
A305D,-0.10533051
I298Y,-0.0920409
K18N,0.00383147
H427N,-0.23816249
A305Q,-0.26445377
L497S,-0.15539701
G476E,-0.019023892
T224P,0.34686565
G372C,-0.12343856
M241V,-0.22141266
A254I,0.1380898
G157Y,-0.38577262
K533W,-0.16114028
M192W,-0.18396752
V465I,-0.06575809
T339H,-0.08470462
M192H,-0.4530354
E323S,0.08435184
Y542V,-0.3471856
E454Y,-0.39006633
V102Q,-0.7297918
I237Y,-0.07128528
T2V,-0.24707153
L321Q,-0.6543323
A79N,-0.22800191
D93Y,0.35069782
E136D,-0.26846963
C141Q,-0.38305646
L265F,-0.19540183
D315M,0.06937237
L311C,-0.463988
K299W,-0.06573616
F243S,0.23150527
T295H,-0.1810989
W428D,-0.24587014
D170F,-0.3428913
V190W,-0.08202414
I541P,-0.45747203
A334N,-0.21359344
R338P,-0.23140614
S408V,-0.07758601
E12Y,0.111963466
N95A,0.0043544695
F347N,-0.4092216
L203D,-0.3504209
L273M,-0.22683859
P45W,-0.2589519
Q306D,0.07548242
T523A,-0.36911684
N215K,-0.32419807
Y220Q,-0.08817786
E538L,0.12248627
L147S,-0.6364136
F194L,-0.19870573
I474E,-0.2536624
F40M,0.058933567
G123V,-0.65362364
L76T,-0.28395736
P480F,0.32393098
I6K,-0.19428208
Q86S,-0.22501846
H114K,-0.3661199
K175Y,-0.019906405
F160L,-0.27745298
E91V,0.4269852
N409P,0.2568767
E12F,0.053175736
D93F,0.18022045
L76D,-0.27658284
F498A,-0.48583513
E385F,0.35729107
L471V,-0.0826121
S131G,-0.06882665
G80P,-0.4081025
V358W,-0.31554908
V248E,-0.37777895
F481K,-0.49111742
E67P,-0.3107347
Y277Q,-0.59156793
W490D,-0.4200217
A66C,-1.0931485
L493E,-0.23574784
A527Y,-0.07996253
A32C,-0.35478443
E8A,-0.07381463
G475V,0.10120176
W260Y,0.054293744
R171P,-0.03238938
L139F,0.1129056
Q9G,0.015197134
S97V,-0.088029005
L207G,-0.1498026
T2L,-0.13251631
Y542N,-0.39253148
S58A,-0.04586006
L289Y,0.04160265
Q264A,-0.19105436
D356E,-0.3068267
L202W,0.0069879144
K344A,0.24972758
G62I,-1.0352218
T355P,-0.34863558
R343D,-0.36866686
D324Q,-0.33735326
L179S,-0.34111154
I420M,-0.4169342
D397A,0.2878824
S58P,-0.5755745
T44F,0.018163
T244S,-0.38147673
L22H,-0.25056788
A369N,-0.45076805
A505M,-0.17739466
S381T,-0.029635418
E538P,-0.06406839
S195G,-0.06454933
L210N,-0.51022
I223P,-0.07267747
L273Y,-0.26271433
N155S,0.065639265
P404S,0.08453654
K328L,0.15585798
F354Q,-0.66046154
A492G,-0.4653016
E454W,-0.4056074
L206D,-0.67409307
I445N,-0.4003129
P52L,-0.050297488
V140N,-0.36625427
R293P,-0.25771797
K213R,-0.3601314
A415G,-0.32699284
I431V,-0.30036774
A406Y,-0.04129679
M201G,0.0053376793
V125R,-0.41620892
C35R,-0.39916563
N185M,0.0519109
F459C,-0.37589476
P74I,-0.043500833
F354P,-0.44307667
K213G,0.49516708
P331S,-0.22954175
S152D,-0.5092007
L376S,-0.13057794
V436A,-0.40678352
K175S,-0.16661641
L363P,0.20668574
P521W,-0.4853261
I448P,0.08916554
K537N,0.026647693
C87I,-0.76343024
S144K,-0.23398384
L497C,-0.03229368
C468N,0.010175398
D143T,-0.03646566
H114S,-0.37943107
L530H,-0.3964004
F347K,-0.43036872
T479S,-0.32343173
V235Q,-0.09512524
G173W,-0.24931912
C25Y,-0.12875645
K299N,-0.10422112
L269G,-0.28094083
A32T,-0.32990602
V3L,-0.49245435
T110Q,-0.6326024
V39T,-0.28504643
Y403G,0.003005874
Y456H,-0.14591001
S28Y,-0.3102191
D335H,0.0428972
Q59A,0.18009791
D127E,-0.3865455
N197F,-0.12237431
S200R,-0.05082614
E136R,0.017450217
L176R,-0.42174158
M318R,-0.30123392
R293L,0.004963424
G437M,-0.41707525
A156D,-0.3545192
L27M,-0.36974818
L69T,-0.37970346
S113W,-0.08970335
R345T,-0.043559294
L154K,-0.25478736
W15L,-0.60073406
N155T,0.028827867
G475L,0.098239206
V73Y,-0.17599586
Q264L,-0.0017427399
T181C,-0.10682104
F354T,-0.48600322
R89G,-0.18563403
A506R,-0.4699388
L276Y,-0.41370553
L222I,-0.17013362
L176W,-0.19895956
P536H,-0.14637499
W15R,-0.6178552
V125N,-0.528411
V39N,-0.3258301
Q50W,0.24722609
P104N,-0.25072044
K310V,0.25246507
P1N,-0.2537889
R398N,-0.086005025
L429M,-0.4160386
C141K,-0.32345724
P129D,-0.16711453
P521Y,-0.24005651
R398F,0.07756017
I541Q,-0.52294445
G53V,0.06093363
E522F,-0.4108781
V267Q,-0.27041778
P116Y,0.16976771
V508K,-0.5660473
G42T,-0.1158288
L512I,-0.06613103
Y126L,-0.3439983
S131W,-0.23577824
S107A,-0.13970125
S357M,-0.37366694
D148Q,-0.120855406
Y360P,0.020235926
G437S,-0.26089957
R341Y,0.009396558
V399Y,0.046316635
V39W,-0.14422736
G11N,-0.12205094
F31N,-0.13463092
G164S,-0.19484857
Y380D,0.0076723783
H48I,0.218985
A492N,-0.6825975
G388D,-0.24125068
T244C,-0.25700608
L247F,-0.1065989
L115A,-0.13342528
A79E,-0.634555
L202K,-0.29022068
L455F,-0.03465766
G440F,0.28262833
D122F,-0.10477151
L511C,-0.05604304
G252D,-0.27986678
A389K,-0.025784556
T395G,-0.23137918
L24N,-0.23530562
L273C,-0.2134045
L250V,-0.010544598
L139T,-0.26416668
L463I,-0.062920794
I394K,-0.105252825
I23P,-0.32689682
G214T,0.3388348
F421H,0.06481822
R338W,-0.052131522
C101K,-0.9093167
P52V,0.17881183
K533H,0.17780757
E454I,-0.49459848
S469E,-0.12716118
E488F,0.37187272
N215Y,0.13086879
M238F,-0.25853652
R338F,0.018202465
F333D,-0.5405241
G219V,0.010541445
S28L,-0.034647208
I422A,-0.2366416
E514M,-0.17160396
A109D,-0.48407945
F204S,-0.37542397
F243P,0.11833982
W279P,-0.4056964
I396E,-0.3263517
G372E,-0.15614055
Q86F,0.098962344
D335F,-0.20803776
I496D,-0.2913848
A453F,-0.42286316
D473A,0.27192855
A249R,-0.4546414
P282N,-0.10498887
N70G,-0.12448351
M466I,-0.122414365
C120Y,-1.4772656
G157N,-0.38372475
H427G,-0.20999387
S284L,-0.43199405
C120D,-1.4601445
E522L,-0.18410651
R487A,-0.15868522
G118Y,0.18181527
G368S,0.2963473
V384P,-0.33331475
E385L,0.63242334
C435E,-0.50253284
G173V,-0.28049436
A55G,-0.59864086
E283D,-0.115884066
L495D,-0.3862204
V10G,-0.24040477
I23H,-0.22706942
R532T,-0.17975157
N185T,0.027419697
T339W,-0.18028934
E538M,0.00910874
R341P,-0.23585124
L154S,-0.097716376
W260V,-0.060290325
M199W,-0.16882779
A389N,-0.16007628
V187A,-0.10163474
P65M,-0.25033063
S381A,-0.09419326
H427L,-0.23328619
A218I,0.022817548
F498C,-0.507117
S152N,-0.41557056
H366M,-0.03186665
A236T,-0.32690057
C435N,-0.55054384
G476Q,-0.15449971
W428C,-0.30063125
A334E,-0.42329654
V436C,-0.409444
L289E,-0.020804536
M439E,-0.3027088
L486F,-0.021002673
R343V,-0.10549134
P33K,-0.055094134
I402G,-0.5110587
R88P,-0.12435883
F333W,-0.16981223
W353K,-0.40167612
D302T,-0.08246992
F243R,0.021205077
I237C,-0.31558165
A156E,-0.43636885
Q491S,0.10496782
C87N,-0.7138773
I482P,-0.113605335
I300E,-0.6042868
Y380G,0.46976513
D356W,-0.4322153
L159S,-0.08149688
P513C,-0.10839476
L178H,-0.23040824
G189Q,-0.44538325
L511T,-0.14807864
Q17A,0.16280147
R485G,0.53324234
T370S,-0.23237678
L365Q,-0.9533211
E225W,-0.2572781
C435W,-0.2990542
P119N,-0.368289
L154M,-0.203341
N111M,0.16051266
E323F,0.21347547
L269I,-0.10539174
S195C,-0.13702756
P196L,-0.37358174
S28V,-0.008003512
V245Q,-0.33586192
A505F,-0.072662935
D143V,-0.06925638
V281R,-0.25780383
C153D,-0.4289569
L273A,-0.11614381
S229G,-0.34639063
L276M,-0.2745794
L27G,-0.37832788
V211D,0.07341404
G502N,-0.42138726
A415C,-0.05904757
L374G,0.11586948
T72Q,-0.58126205
C153H,-0.40482798
F484W,-0.3313755
L210D,-0.5788409
M439R,-0.22849011
A249F,-0.36673284
Q361M,0.4524808
L316C,-0.31488848
L520E,-0.46805483
G507N,-0.24545434
P78S,-0.19040705
Y278N,-0.36502618
I364H,0.10227549
D4S,-0.10776035
A389Q,-0.22079682
P312F,0.16707607
L147G,-0.7505047
L22P,-0.31836027
T44P,-0.012017386
A519Y,-0.27119315
P312H,-0.04450741
L105H,-0.333849
V399R,-0.07577579
Q240D,-0.24151857
Q19P,0.009831756
D356F,-0.4617107
L410H,-0.32300222
I304T,-0.48754877
P387R,-0.10998473
P312G,0.07271811
C177W,-0.18923359
A106Q,-0.6392468
F272K,-0.27331647
R401T,0.08066827
E225F,-0.3934815
A55N,-0.37557274
L179P,-0.5315032
T509A,-0.19212654
A382W,-0.109477594
L176V,-0.22250113
C25P,-0.048530914
R205C,-0.18285806
L263I,-0.26499486
I364E,-0.019464856
P312V,-0.008455758
A109Y,-0.10228429
Q446K,0.18357147
P45H,-0.17984526
S132P,-0.14508045
Y90V,-0.1710415
S330W,0.025436725
C280H,-0.30885407
L22C,-0.1848846
I448T,-0.24467993
I441E,-0.16660088
V125M,-0.3280404
G440Y,0.5799473
T135E,-0.40256405
P457M,-0.27666512
A55Q,-0.7119952
A414K,-0.3721297
L26Q,-0.29819924
N155I,0.3977666
D46R,-0.13820298
P521Q,-0.58430505
L471H,-0.13250926
G80M,-0.44996685
L115P,-0.3401073
V54R,-0.7628871
T442N,-0.106616125
S212D,-0.18442792
L486M,-0.3274451
G368A,0.5624193
L149W,-0.14807446
M217S,-0.21118827
V134R,-0.5360998
L429F,-0.17282209
T515E,-0.35237703
I394E,-0.19015291
F354I,-0.35935658
P480K,-0.42183763
L288M,-0.039574537
N70C,-0.37257954
L7K,-0.17574427
K328T,0.016293025
L411H,-0.2692709
L257Y,-0.39701653
S195K,-0.2682485
G53F,0.11676703
L269K,-0.34962785
E522V,-0.07399909
G368K,0.28423357
L24W,-0.054917283
L288E,-0.21111855
S290A,-0.16782221
M447C,-0.44602123
V267M,-0.16954377
Q50E,-0.109431386
R233D,0.013871861
P494T,0.07421668
T251I,-0.0293785
E283P,-0.44200572
S132A,-0.11826851
G507K,-0.37012142
P258C,-0.03699224
Y239P,0.41982427
P282C,-0.17220749
L276P,-0.5607977
G464M,-0.25169498
F481H,-0.30384165
V465Q,-0.40251416
G413S,0.030440792
V465R,-0.36199573
L411C,-0.15319923
I420S,-0.22448897
L22G,-0.27914605
R89T,0.03386154
F158N,-0.30673027
S51R,-0.43446183
T295I,-0.15064216
D377V,0.21957643
Q96A,0.13794108
V227H,-0.7968112
T135R,-0.39363572
A82M,-0.35129353
E56V,0.09140553
H427E,-0.43541107
L365S,-0.2128556
V248M,-0.44257092
L520W,-0.32565424
E68G,-0.21464267
R338S,0.080428116
V436M,-0.5073248
I391L,-0.33665657
L359P,-0.15322907
C101Q,-1.0775466
V10D,-0.12989792
Q86W,0.036946274
S229H,-0.10507854
S113L,0.053290237
A156I,-0.31702822
L363Y,0.016447369
L363W,-0.033921354
G75P,-0.19073954
R398W,-0.10427793
L276H,-0.5491533
L176S,-0.32973924
L206E,-0.67175746
T355A,-0.25672776
V281I,-0.32063526
L289S,-0.14670873
T509P,-0.12662324
L57R,-0.6339811
R205H,-0.431089
F194S,-0.19048838
